slideFileName,isNormalized,tsr,tsr_hotspot
2001549007_101728,normalized,35.10482416591524,48.164464023494865
